,City,Cloudiness,Country,Date,Humidity,Lat,Lng,Max Temp,Wind Speed
0,punta arenas,40,CL,1600112454,61,-53.15,-70.92,46.4,27.51
1,port elizabeth,0,ZA,1600112400,76,-33.92,25.57,55.4,24.16
2,tuktoyaktuk,90,CA,1600112553,93,69.45,-133.04,35.6,10.29
3,nikolskoye,11,RU,1600112554,87,59.7,30.79,51.8,8.95
4,ushuaia,20,AR,1600112486,64,-54.8,-68.3,42.8,16.11
5,mar del plata,0,AR,1600112393,51,-38.0,-57.56,59.0,8.05
6,bonavista,100,CA,1600112559,87,48.65,-53.11,64.18,20.29
7,fare,8,PF,1600112560,73,-16.7,-151.02,78.98,11.56
8,bardiyah,0,LY,1600112561,77,31.76,25.09,76.53,7.81
9,atuona,0,PF,1600112562,76,-9.8,-139.03,77.95,16.78
10,san patricio,75,MX,1600112563,66,19.22,-104.7,89.6,13.87
11,arraial do cabo,0,BR,1600112564,69,-22.97,-42.03,82.4,13.87
12,santa rosa,40,PH,1600112565,78,14.31,121.11,82.4,1.12
13,vaini,75,TO,1600112567,88,-21.2,-175.2,69.8,6.93
14,bredasdorp,5,ZA,1600112568,71,-34.53,20.04,50.0,6.93
15,avarua,81,CK,1600112569,73,-21.21,-159.78,71.6,9.17
16,shache,100,CN,1600112570,34,38.42,77.24,66.74,6.53
17,mataura,15,NZ,1600112571,92,-46.19,168.86,39.31,5.14
18,astoria,90,US,1600112572,87,46.19,-123.83,62.01,4.7
19,raudeberg,100,NO,1600112573,95,61.99,5.14,52.0,11.25
20,chokurdakh,23,RU,1600112574,98,70.63,147.92,38.88,8.86
21,lebu,0,CL,1600112576,69,-37.62,-73.65,52.9,23.69
22,bluff,55,NZ,1600112577,71,-46.6,168.33,46.18,23.09
23,vardo,75,NO,1600112559,76,70.37,31.11,48.2,26.4
24,sao filipe,90,CV,1600112579,81,14.9,-24.5,79.75,7.61
25,butaritari,94,KI,1600112580,71,3.07,172.79,83.43,19.35
26,atyrau,7,KZ,1600112581,72,47.12,51.88,62.6,11.18
27,naze,90,JP,1600112582,100,28.37,129.48,77.0,2.24
28,shitanjing,0,CN,1600112583,50,39.23,106.34,57.4,3.18
29,tiarei,20,PF,1600112585,69,-17.53,-149.33,82.4,8.05
30,arinos,0,BR,1600112586,25,-15.92,-46.11,89.26,6.58
31,ocean city,1,US,1600112484,47,39.28,-74.57,78.01,12.75
32,madridejos,97,ES,1600112588,41,39.47,-3.53,78.8,6.93
33,sorso,4,IT,1600112589,83,40.8,8.58,75.2,8.05
34,melfi,40,IT,1600112590,50,41.0,15.65,77.0,4.7
35,vila velha,0,BR,1600112574,57,-20.33,-40.29,80.01,13.87
36,chuy,0,UY,1600112593,60,-33.7,-53.46,54.18,10.8
37,kodiak,1,US,1600112594,62,57.79,-152.41,55.4,3.36
38,hermanus,55,ZA,1600112596,90,-34.42,19.23,46.99,2.86
39,havre-saint-pierre,40,CA,1600112598,66,50.23,-63.6,53.6,25.28
40,yellowknife,75,CA,1600112584,45,62.46,-114.35,46.4,13.87
41,aksarka,100,RU,1600112601,93,66.56,67.8,49.75,15.75
42,straumen,75,NO,1600112602,87,63.87,11.3,50.0,5.82
43,airai,4,TL,1600112603,91,-8.93,125.41,53.33,3.11
44,gobabis,0,NA,1600112604,25,-22.45,18.97,64.53,10.36
45,faanui,0,PF,1600112606,75,-16.48,-151.75,78.26,11.63
46,tasiilaq,60,GL,1600112607,69,65.61,-37.64,37.4,1.43
47,rikitea,0,PF,1600112608,81,-23.12,-134.97,73.65,12.37
48,mehamn,90,NO,1600112610,93,71.04,27.85,46.4,10.29
49,barrow,90,US,1600112611,93,71.29,-156.79,37.4,12.75
50,doda,0,IN,1600112612,54,33.13,75.57,67.24,3.04
51,mahebourg,40,MU,1600112614,64,-20.41,57.7,68.0,14.99
52,lagoa,26,PT,1600112615,65,39.05,-27.98,66.27,20.24
53,itarema,97,BR,1600112616,64,-2.92,-39.92,80.22,19.8
54,thompson,90,CA,1600112595,100,55.74,-97.86,42.8,6.93
55,ugoofaaru,99,MV,1600112618,78,5.67,73.0,81.95,9.64
56,albany,0,US,1600112619,41,42.6,-73.97,70.0,4.0
57,castro,99,BR,1600112620,45,-24.79,-50.01,80.4,3.74
58,lorengau,95,PG,1600112621,78,-2.02,147.27,82.24,10.27
59,sampit,100,ID,1600112623,97,-2.53,112.95,72.12,1.48
60,cabo san lucas,20,MX,1600112344,74,22.89,-109.91,89.6,4.7
61,paamiut,100,GL,1600112625,73,61.99,-49.67,43.83,34.99
62,qitaihe,100,CN,1600112626,90,45.8,130.85,53.26,0.94
63,marawi,100,PH,1600112627,95,8.0,124.29,73.0,5.99
64,svetlyy,0,RU,1600112628,93,54.67,20.13,55.4,4.47
65,kieta,100,PG,1600112629,76,-6.22,155.63,78.62,5.17
66,ketchikan,1,US,1600112398,55,55.34,-131.65,62.6,23.04
67,new norfolk,44,AU,1600112632,66,-42.78,147.06,52.0,3.0
68,tatawin,0,TN,1600112613,57,32.93,10.45,77.0,6.93
69,planaltina,40,BR,1600112613,30,-15.45,-47.61,84.2,10.29
70,saint-philippe,59,RE,1600112635,52,-21.36,55.77,66.2,19.46
71,general nakar,100,PH,1600112636,80,14.76,121.64,81.21,12.57
72,rabo de peixe,20,PT,1600112637,60,37.8,-25.58,68.0,11.41
73,the valley,20,AI,1600112638,70,18.22,-63.06,89.6,10.29
74,cape town,20,ZA,1600112639,81,-33.93,18.42,53.01,5.82
75,ca mau,100,VN,1600112641,90,9.18,105.15,75.76,2.95
76,puerto ayora,20,EC,1600112642,64,-0.74,-90.35,75.2,19.46
77,lavrentiya,100,RU,1600112643,96,65.58,-171.0,43.59,8.01
78,te anau,81,NZ,1600112645,83,-45.42,167.72,40.24,5.5
79,tautira,20,PF,1600112646,69,-17.73,-149.15,82.4,8.05
80,urumqi,0,CN,1600112600,29,43.8,87.6,60.8,8.95
81,hobyo,1,SO,1600112648,85,5.35,48.53,78.08,29.37
82,coquimbo,75,CL,1600112465,76,-29.95,-71.34,57.2,10.29
83,belmira,75,CO,1600112650,38,6.61,-75.67,73.4,11.41
84,hilo,1,US,1600112651,58,19.73,-155.09,82.4,4.88
85,guarapari,0,BR,1600112652,57,-20.67,-40.5,80.01,13.87
86,salalah,75,OM,1600112654,88,17.02,54.09,80.6,4.7
87,kapaa,75,US,1600112655,69,22.08,-159.32,82.4,8.05
88,kavieng,92,PG,1600112656,79,-2.57,150.8,82.51,14.5
89,provideniya,90,RU,1600112657,87,64.38,-173.3,46.4,4.47
90,yining,100,CN,1600112658,93,29.04,114.56,65.82,1.16
91,madimba,0,TZ,1600112661,90,-10.4,40.33,72.97,5.5
92,veraval,86,IN,1600112662,85,20.9,70.37,81.16,8.12
93,yazoo city,1,US,1600112663,62,32.86,-90.41,87.8,6.93
94,luderitz,0,NA,1600112664,61,-26.65,15.16,57.18,23.09
95,karasjok,75,NO,1600112665,93,69.47,25.51,46.4,12.75
96,vieques,75,PR,1600112666,74,18.43,-65.83,91.0,12.75
97,hirara,94,JP,1600112667,72,24.8,125.28,82.71,7.23
98,voh,2,NC,1600112668,80,-20.97,164.7,68.27,5.95
99,aklavik,75,CA,1600112670,80,68.22,-135.01,41.0,10.29
100,constitucion,0,CL,1600112672,54,-35.33,-72.42,61.41,13.78
101,fortuna,1,US,1600112673,68,40.6,-124.16,66.2,6.93
102,kirkwall,100,GB,1600112674,93,58.98,-2.96,57.2,6.93
103,kangaatsiaq,0,GL,1600112675,76,68.31,-53.46,35.26,16.44
104,balkhash,100,KZ,1600112676,45,46.84,74.98,66.88,6.2
105,ancud,98,CL,1600112678,84,-41.87,-73.82,49.87,7.83
106,ambilobe,4,MG,1600112679,63,-13.2,49.05,69.31,5.03
107,saskylakh,100,RU,1600112680,81,71.92,114.08,42.39,1.86
108,victoria,100,HK,1600112635,88,22.29,114.16,82.0,8.99
109,jieshi,64,CN,1600112682,87,22.81,115.83,79.86,13.89
110,coxim,0,BR,1600112683,9,-18.51,-54.76,104.14,7.07
111,touros,40,BR,1600112684,69,-5.2,-35.46,80.6,14.99
112,goure,67,NE,1600112686,66,13.98,10.27,82.99,5.01
113,dawei,19,MM,1600112688,89,14.08,98.2,77.22,2.57
114,kaohsiung,40,TW,1600112689,83,22.62,120.31,82.4,2.24
115,saldanha,94,ZA,1600112492,76,-33.01,17.94,50.0,5.82
116,sakakah,79,SA,1600112691,10,29.97,40.21,91.4,4.7
117,hithadhoo,82,MV,1600112693,67,-0.6,73.08,81.59,4.72
118,georgetown,20,MY,1600112694,83,5.41,100.34,80.6,2.24
119,tual,8,ID,1600112695,76,-5.67,132.75,78.22,18.59
120,bereda,65,ES,1600112697,94,43.27,-7.54,64.0,5.01
121,chernyshevskiy,94,RU,1600112698,71,63.01,112.47,46.08,2.37
122,bonnyville,90,CA,1600112699,87,54.27,-110.73,46.4,10.29
123,haines junction,69,CA,1600112701,44,60.75,-137.51,51.39,1.5
124,qaanaaq,80,GL,1600112702,94,77.48,-69.36,30.24,8.34
125,natal,40,BR,1600112704,69,-5.79,-35.21,80.6,17.22
126,shimoda,48,JP,1600112706,96,34.67,138.95,66.0,1.01
127,aginskoye,100,RU,1600112707,83,51.1,114.53,41.79,4.12
128,yanam,100,IN,1600112709,93,16.73,82.22,79.45,3.62
129,grindavik,20,IS,1600112710,87,63.84,-22.43,46.4,6.93
130,kaitangata,3,NZ,1600112711,62,-46.28,169.85,46.99,4.0
131,rantepao,93,ID,1600112712,84,-2.97,119.9,63.3,0.85
132,mahajanga,20,MG,1600112713,41,-15.72,46.32,77.0,8.05
133,nagato,20,JP,1600112423,83,34.38,131.2,71.6,5.82
134,estacion coahuila,5,MX,1600112716,10,32.19,-115.0,98.6,4.41
135,namibe,94,AO,1600112717,83,-15.2,12.15,65.41,4.7
136,valdosta,90,US,1600112620,88,30.83,-83.28,78.8,8.05
137,itoman,75,JP,1600112719,78,26.12,127.67,80.6,5.82
138,esperance,40,AU,1600112720,93,-33.87,121.9,51.8,16.11
139,guerrero negro,0,MX,1600112684,27,27.98,-114.06,94.21,3.22
140,kruisfontein,0,ZA,1600112722,60,-34.0,24.73,55.99,8.01
141,allingabro,0,DK,1600112725,88,56.47,10.33,64.4,1.12
142,magadan,6,RU,1600112726,60,59.57,150.8,47.01,6.04
143,torbay,90,CA,1600112604,93,47.67,-52.73,66.99,20.8
144,sosnovo-ozerskoye,8,RU,1600112728,90,52.52,111.54,36.37,5.37
145,maceio,75,BR,1600112465,74,-9.67,-35.74,78.8,10.29
146,hobart,90,AU,1600112652,54,-42.88,147.33,53.6,11.41
147,klaksvik,96,FO,1600112731,93,62.23,-6.59,46.4,6.93
148,ribeira grande,20,PT,1600112732,52,38.52,-28.7,69.8,10.29
149,sistranda,75,NO,1600112733,76,63.73,8.83,50.0,4.7
150,ponta do sol,20,PT,1600112734,69,32.67,-17.1,75.2,5.82
151,marzuq,0,YE,1600112736,42,14.4,46.47,82.54,6.42
152,saint-augustin,25,CA,1600112737,60,51.23,-58.65,62.01,22.68
153,nuuk,75,GL,1600112501,33,64.18,-51.72,42.8,14.99
154,chapais,75,CA,1600112739,57,49.78,-74.85,50.0,12.75
155,swinoujscie,51,PL,1600112740,87,53.91,14.25,64.99,2.24
156,dikson,100,RU,1600112741,87,73.51,80.55,42.96,12.33
157,qasigiannguit,5,GL,1600112743,86,68.82,-51.19,32.0,6.93
158,lompoc,1,US,1600112745,68,34.64,-120.46,66.99,11.41
159,bondo,100,CD,1600112747,97,3.81,23.69,70.09,0.51
160,suntar,100,RU,1600112748,72,62.14,117.63,48.58,2.62
161,beringovskiy,100,RU,1600112749,92,63.05,179.32,45.64,7.38
162,tura,100,IN,1600112750,97,25.52,90.22,72.79,4.0
163,cherskiy,86,RU,1600112751,76,68.75,161.3,43.9,6.55
164,baoma,100,CN,1600112752,96,31.49,106.11,66.76,1.97
165,conakry,96,GN,1600112754,85,9.54,-13.68,80.6,14.14
166,shalinskoye,38,RU,1600112755,90,55.72,93.76,43.47,1.63
167,jamestown,40,US,1600112551,59,42.1,-79.24,62.01,13.87
168,riyadh,0,SA,1600112643,14,24.69,46.72,89.6,4.7
169,katsuura,75,JP,1600112758,88,35.13,140.3,73.4,5.82
170,carnarvon,45,AU,1600112759,100,-24.87,113.63,68.0,8.05
171,wladyslawowo,0,PL,1600112760,77,54.79,18.4,63.0,2.24
172,ushtobe,100,KZ,1600112761,38,45.25,77.98,61.77,4.45
173,cockburn town,100,TC,1600112683,76,21.46,-71.14,83.7,9.78
174,orlik,100,RU,1600112765,83,52.52,99.83,36.77,3.06
175,alofi,75,NU,1600112766,73,-19.06,-169.92,73.4,11.41
176,port alfred,0,ZA,1600112767,67,-33.59,26.89,57.69,17.38
177,darnah,0,LY,1600112769,78,32.77,22.64,75.54,5.32
178,port lincoln,100,AU,1600112771,86,-34.73,135.87,52.09,7.43
179,maldonado,20,UY,1600112772,66,-34.67,-54.92,53.6,16.11
180,rocha,0,UY,1600112773,62,-34.48,-54.33,52.25,10.74
181,kefamenanu,47,ID,1600112774,92,-9.45,124.48,65.43,2.68
182,yadrin,37,RU,1600112776,84,55.94,46.21,48.33,9.69
183,asau,0,RO,1600112777,89,46.43,26.4,59.0,3.85
184,vaitape,0,PF,1600112547,73,-16.52,-151.75,79.14,11.48
185,harper,36,LR,1600112779,87,4.38,-7.72,75.99,10.11
186,hualmay,23,PE,1600112780,70,-11.1,-77.61,65.61,9.6
187,ust-nera,75,RU,1600112781,80,64.57,143.2,37.2,3.67
188,olafsvik,0,IS,1600112782,74,64.89,-23.71,47.64,4.29
189,ambovombe,45,MG,1600112783,58,-25.17,46.08,73.85,10.0
190,walvis bay,0,NA,1600112784,50,-22.96,14.51,57.2,5.82
191,santa cruz,75,BO,1600112750,42,-17.8,-63.17,86.0,27.51
192,agadez,0,NE,1600112787,10,19.75,10.25,94.75,10.07
193,syracuse,40,IT,1600112788,94,37.09,15.28,77.0,5.82
194,codrington,100,AU,1600112789,92,-38.27,141.97,45.54,6.62
195,mangualde,55,PT,1600112790,63,40.6,-7.76,73.0,1.99
196,cidreira,100,BR,1600112792,58,-30.18,-50.21,57.72,16.17
197,roma,1,US,1600112525,48,43.21,-75.46,64.4,13.87
198,beloha,72,MG,1600112795,51,-25.17,45.05,76.86,11.34
199,saint-louis,69,SN,1600112796,63,16.33,-15.0,91.4,2.24
200,nouadhibou,0,MR,1600112797,61,20.93,-17.03,82.4,13.87
201,petersburg,90,US,1600112798,64,37.23,-77.4,77.0,8.05
202,severo-kurilsk,13,RU,1600112799,83,50.68,156.12,50.25,13.67
203,wana,0,PK,1600112800,32,32.3,69.57,77.79,3.8
204,ewa beach,1,US,1600112801,58,21.32,-158.01,82.4,5.82
205,hovd,0,MN,1600112803,55,48.01,91.64,45.18,1.5
206,mareeba,75,AU,1600112804,88,-17.0,145.43,68.0,10.29
207,izyum,0,UA,1600112805,58,49.21,37.25,58.59,5.41
208,marrakesh,0,MA,1600112806,51,31.63,-8.01,84.2,11.41
209,ukiah,1,US,1600112807,40,39.15,-123.21,81.0,4.7
210,hue,20,VN,1600112808,88,16.47,107.6,78.8,2.24
211,pitimbu,75,BR,1600112810,69,-7.47,-34.81,80.6,14.99
212,auki,100,SB,1600112812,84,-8.77,160.7,78.44,5.3
213,alenquer,94,BR,1600112813,66,-1.94,-54.74,89.6,10.29
214,moindou,0,NC,1600112814,88,-21.69,165.68,62.6,3.91
215,espanola,1,US,1600112815,21,35.99,-106.08,73.0,5.82
216,avera,75,US,1600112816,55,33.19,-82.53,89.6,6.93
217,portland,90,US,1600112586,77,45.52,-122.68,62.6,2.95
218,tottori,35,JP,1600112818,80,35.5,134.23,63.82,3.36
219,tuatapere,45,NZ,1600112819,82,-46.13,167.68,41.85,8.75
220,hasaki,75,JP,1600112821,94,35.73,140.83,69.8,4.7
221,sabha,0,LY,1600112822,29,27.04,14.43,82.27,3.98
222,saint simons,20,US,1600112823,74,31.14,-81.39,87.8,9.17
223,calarasi,0,MD,1600112824,49,47.25,28.31,69.8,5.82
224,iralaya,75,HN,1600112825,88,15.0,-83.23,80.6,8.12
225,miandrivazo,0,MG,1600112826,62,-19.52,45.47,77.18,1.25
226,leningradskiy,100,RU,1600112827,95,69.38,178.42,40.15,9.28
227,asfi,0,MA,1600112830,86,32.3,-9.24,70.07,9.8
228,puerto carreno,91,CO,1600112832,60,6.19,-67.49,87.57,2.04
229,labuan,40,MY,1600112833,83,5.28,115.24,78.8,4.7
230,tulsa,1,US,1600112227,54,36.1,-95.9,82.4,5.82
231,zhob,0,PK,1600112835,34,31.34,69.45,78.82,9.08
232,khatanga,80,RU,1600112836,84,71.97,102.5,45.45,3.09
233,foix,36,FR,1600112838,20,42.83,1.58,72.0,7.65
234,roald,90,NO,1600112839,93,62.58,6.13,50.0,9.17
235,bambous virieux,40,MU,1600112840,64,-20.34,57.76,68.0,14.99
236,arlington,40,US,1600112824,51,32.74,-97.11,88.0,11.41
237,souillac,40,MU,1600112842,64,-20.52,57.52,68.0,14.99
238,yilan,40,TW,1600112843,88,24.76,121.75,82.0,1.12
239,sharlyk,74,RU,1600112844,89,52.92,54.75,47.1,12.1
240,shingu,13,JP,1600112846,74,33.73,135.98,66.52,4.85
241,huilong,99,CN,1600112847,93,31.81,121.66,75.0,2.64
242,biak,100,ID,1600112848,80,-0.91,122.88,75.74,8.9
243,mayo,1,US,1600112849,50,38.89,-76.51,79.0,9.17
244,port-gentil,40,GA,1600112617,88,-0.72,8.78,77.0,12.12
245,suez,0,EG,1600112851,71,29.97,32.53,76.35,11.05
246,burnie,99,AU,1600112852,74,-41.07,145.92,50.0,5.99
247,emerald,3,AU,1600112854,87,-23.53,148.17,59.0,4.7
248,margate,0,GB,1600112855,87,51.38,1.39,66.99,1.01
249,yasinya,30,UA,1600112856,84,48.28,24.36,58.1,2.42
250,abu dhabi,0,AE,1600112857,66,24.47,54.37,93.2,5.82
251,busselton,0,AU,1600112859,63,-33.65,115.33,54.0,7.63
252,sibu,40,MY,1600112860,100,2.3,111.82,73.4,2.3
253,ndende,100,GA,1600112862,78,-2.4,11.36,75.79,4.47
254,ajaccio,1,FR,1600112863,73,42.0,8.92,73.4,4.7
255,sibiti,63,CG,1600112864,77,-3.68,13.35,73.47,5.03
256,princeton,40,US,1600112721,70,25.54,-80.41,89.6,9.17
257,borogontsy,1,RU,1600112866,93,62.67,131.17,41.36,7.45
258,kot samaba,1,PK,1600112867,28,28.55,70.47,93.25,7.78
259,asyut,0,EG,1600112868,39,27.18,31.18,84.2,9.17
260,orocue,100,CO,1600112870,81,4.79,-71.34,81.37,3.91
261,ericeira,40,PT,1600112871,94,38.96,-9.42,71.01,6.93
262,nalut,59,LY,1600112872,45,30.33,10.85,77.45,13.42
263,vestmannaeyjar,15,IS,1600112873,87,63.44,-20.27,48.2,12.75
264,mendoza,0,AR,1600112874,9,-32.89,-68.83,69.8,8.05
265,saravan,40,AM,1600112875,38,39.72,45.65,75.2,9.17
266,sitka,1,US,1600112876,58,57.05,-135.33,57.2,4.7
267,sawtell,40,AU,1600112878,93,-30.38,153.1,57.0,7.02
268,nome,90,US,1600112879,93,64.5,-165.41,50.0,18.34
269,bongandanga,100,CD,1600112880,98,1.5,21.05,71.56,2.13
270,pevek,100,RU,1600112881,85,69.7,170.31,39.78,6.11
271,nanortalik,100,GL,1600112882,81,60.14,-45.24,41.95,27.78
272,goderich,23,CA,1600112884,67,43.75,-81.72,63.0,8.01
273,hornepayne,0,CA,1600112885,41,49.21,-84.77,57.09,6.96
274,inongo,71,CD,1600112887,81,-1.95,18.27,72.97,4.21
275,khorixas,0,NA,1600112888,38,-20.37,14.97,57.81,7.31
276,tilichiki,44,RU,1600112889,90,60.47,166.1,40.59,10.0
277,vila franca do campo,20,PT,1600112890,60,37.72,-25.43,68.0,9.17
278,avdon,90,RU,1600112892,93,54.67,55.72,50.0,6.71
279,lisakovsk,100,KZ,1600112893,43,52.54,62.49,59.32,13.96
280,upernavik,0,GL,1600112895,84,72.79,-56.15,29.82,5.97
281,isangel,58,VU,1600112896,78,-19.55,169.27,71.42,14.14
282,atasu,59,KZ,1600112898,33,48.68,71.64,63.64,7.27
283,masumbwe,59,TZ,1600112899,44,-3.63,32.18,72.99,2.51
284,markala,83,ML,1600112900,66,13.7,-6.07,83.91,12.26
285,faya,83,SA,1600112901,68,18.39,42.45,69.8,3.89
286,port hardy,90,CA,1600112706,87,50.7,-127.42,59.0,8.05
287,kahului,40,US,1600112904,54,20.89,-156.47,84.2,12.75
288,taoudenni,40,ML,1600112905,9,22.68,-3.98,105.06,3.04
289,dingle,100,PH,1600112906,92,11.0,122.67,75.16,2.35
290,kushima,100,JP,1600112907,88,31.46,131.23,71.01,2.48
291,hauterive,4,FR,1600112908,36,46.09,3.45,77.0,10.29
292,santa cruz cabralia,75,BR,1600112910,65,-16.28,-39.02,77.0,10.29
293,muros,3,ES,1600112912,86,42.78,-9.06,66.99,5.01
294,la ronge,90,CA,1600112913,87,55.1,-105.28,48.2,6.93
295,cayenne,20,GF,1600112914,55,4.93,-52.33,89.6,6.93
296,marystown,95,CA,1600112915,100,47.17,-55.15,66.0,3.0
297,batemans bay,73,AU,1600112620,94,-35.72,150.18,46.0,2.01
298,sun city west,1,US,1600112917,12,33.66,-112.34,102.99,13.87
299,flinders,99,AU,1600112918,89,-34.58,150.86,60.01,1.01
300,yulara,0,AU,1600112920,33,-25.24,130.99,57.2,5.82
301,waingapu,1,ID,1600112921,83,-9.66,120.26,72.77,6.62
302,clyde river,75,CA,1600112923,86,70.47,-68.59,39.2,12.75
303,longyearbyen,75,SJ,1600112924,96,78.22,15.64,35.6,5.82
304,obihiro,99,JP,1600112925,86,42.92,143.2,52.66,0.69
305,mount isa,0,AU,1600112926,37,-20.73,139.5,68.0,2.24
306,pangody,100,RU,1600112928,75,65.85,74.49,47.28,14.88
307,paita,24,PE,1600112929,61,-5.09,-81.11,77.0,12.75
308,oga,20,IT,1600112930,87,46.46,10.35,62.6,4.7
309,alice springs,0,AU,1600112800,50,-23.7,133.88,57.2,5.82
310,hofn,75,IS,1600112932,81,64.25,-15.21,46.4,9.17
311,invermere,100,CA,1600112933,19,50.52,-116.04,77.94,1.92
312,alappuzha,100,IN,1600112935,85,9.49,76.33,78.33,5.75
313,san nicolas,100,PH,1600112936,77,18.17,120.6,79.54,5.46
314,tuy hoa,89,VN,1600112937,86,13.08,109.3,76.96,5.14
315,visnes,75,NO,1600112938,87,59.36,5.22,59.0,8.05
316,moussoro,97,TD,1600112939,54,13.64,16.49,85.01,10.92
317,lapeer,75,US,1600112942,52,43.05,-83.32,66.2,4.7
318,hokitika,70,NZ,1600112943,70,-42.72,170.97,51.03,18.16
319,sfantu gheorghe,0,RO,1600112903,78,45.87,25.78,66.0,2.57
320,halifax,100,CA,1600112646,68,44.65,-63.57,71.01,1.01
321,dalvik,20,IS,1600112946,76,65.97,-18.53,48.2,2.24
322,kudahuvadhoo,1,MV,1600112947,75,2.67,72.89,82.49,8.05
323,luocheng,84,CN,1600112948,99,29.38,104.03,65.55,0.34
324,puerto baquerizo moreno,58,EC,1600112950,85,-0.9,-89.6,67.28,12.64
325,baykit,38,RU,1600112951,84,61.67,96.37,47.59,1.63
326,hambantota,100,LK,1600112952,100,6.12,81.12,77.0,6.93
327,comarapa,67,BO,1600112953,73,-17.9,-64.48,64.15,7.7
328,arvika,58,SE,1600112954,87,59.66,12.59,60.8,8.05
329,kaspiysk,0,RU,1600112955,82,42.88,47.64,68.0,6.71
330,norman wells,75,CA,1600112959,75,65.28,-126.83,42.8,3.36
331,gat,0,IL,1600112960,100,31.61,34.76,82.0,5.59
332,erzin,2,TR,1600112961,82,36.96,36.2,82.0,0.47
333,crateus,100,BR,1600112962,17,-5.18,-40.68,91.74,7.05
334,penzance,99,GB,1600112710,88,50.12,-5.54,63.0,9.17
335,kununurra,40,AU,1600112964,24,-15.77,128.73,80.6,9.17
336,saint anthony,75,US,1600112965,60,45.02,-93.22,75.99,11.41
337,okitipupa,100,NG,1600112966,96,6.5,4.78,73.9,2.01
338,mitsamiouli,5,KM,1600112968,77,-11.38,43.28,76.87,2.64
339,mutsu,75,JP,1600112970,93,41.29,141.22,66.99,9.17
340,kaka,0,TM,1600112971,27,37.35,59.61,65.88,4.36
341,bethel,40,US,1600112972,46,41.37,-73.41,75.0,10.29
342,qabaqcol,0,AZ,1600112973,73,41.72,46.26,71.6,9.17
343,pierrelatte,0,FR,1600112974,60,44.38,4.7,75.99,3.4
344,caluquembe,0,AO,1600112975,65,-13.78,14.68,59.02,4.63
345,tiksi,4,RU,1600112977,88,71.69,128.87,39.42,8.32
346,ostrovnoy,94,RU,1600112978,93,68.05,39.51,47.43,5.32
347,rolla,1,US,1600112979,54,37.95,-91.77,78.8,10.29
348,buribay,100,RU,1600112980,80,51.96,58.16,50.25,10.67
349,ixtapa,20,MX,1600112981,70,20.7,-105.2,88.0,9.17
350,teya,75,RU,1600112982,87,60.38,92.63,45.27,1.41
351,mantua,0,IT,1600112769,73,45.17,10.78,73.0,3.36
352,kiri buru,100,IN,1600112985,93,22.08,85.35,75.16,3.74
353,krasnoselkup,100,RU,1600112986,89,65.7,82.47,48.13,8.86
354,lucapa,12,AO,1600112987,60,-8.42,20.74,73.85,3.65
355,broome,1,US,1600112988,44,42.25,-75.83,64.99,14.99
356,geraldton,0,AU,1600112989,93,-28.77,114.6,50.0,5.82
357,sainte-marie,17,RE,1600112990,55,-20.9,55.55,64.4,18.34
358,mahibadhoo,67,MV,1600112991,76,3.78,72.97,82.15,7.16
359,mokhsogollokh,15,RU,1600112993,93,61.47,128.92,40.06,5.14
360,omboue,0,GA,1600112994,83,-1.57,9.26,75.0,6.64
361,northam,73,GB,1600112996,66,51.03,-4.22,69.01,1.99
362,mugur-aksy,62,RU,1600112997,74,50.35,90.5,36.45,1.36
363,el real de santa maria,100,PA,1600112999,85,8.11,-77.73,83.7,3.87
364,presidencia roque saenz pena,100,AR,1600113000,25,-26.79,-60.44,69.69,7.99
365,kardla,97,EE,1600113001,92,59.0,22.75,60.01,8.99
366,stornoway,100,GB,1600113003,93,58.21,-6.39,57.2,5.82
367,belmonte,75,BR,1600113004,65,-15.86,-38.88,77.0,9.17
368,sugod,100,PH,1600113005,83,12.99,124.08,80.76,10.13
369,tucuman,65,AR,1600113007,18,-26.82,-65.22,73.4,14.99
370,iquitos,40,PE,1600112988,58,-3.75,-73.25,87.8,5.82
371,bud,0,US,1600113009,58,39.45,-86.18,78.01,9.01
372,kirksville,1,US,1600113011,60,40.19,-92.58,77.0,5.82
373,tezu,99,IN,1600113012,86,27.92,96.17,75.09,2.39
374,mae sai,40,TH,1600113013,100,20.43,99.88,77.0,1.12
375,ashitkovo,83,RU,1600113014,93,55.44,38.59,51.8,6.71
376,los llanos de aridane,40,ES,1600113015,73,28.66,-17.92,77.0,6.93
377,muisne,75,EC,1600113017,74,0.6,-80.03,82.4,10.29
378,jalu,0,LY,1600113018,27,29.03,21.55,89.98,13.4
379,ondo,100,NG,1600113019,97,7.1,4.83,73.02,3.49
380,villanueva de la serena,70,ES,1600113021,51,38.98,-5.8,80.01,5.01
381,buala,100,SB,1600113022,79,-8.14,159.59,80.62,7.0
382,east london,1,ZA,1600113024,62,-33.02,27.91,60.03,15.68
383,townsville,5,AU,1600113026,93,-19.25,146.8,64.99,1.12
384,swan river,100,CA,1600113027,43,52.11,-101.27,63.21,4.52
385,san cristobal,40,VE,1600113028,46,7.77,-72.22,93.2,13.87
386,palana,13,RU,1600113029,94,59.12,159.97,41.31,4.83
387,san luis,0,AR,1600112866,19,-33.3,-66.34,71.62,11.39
388,morant bay,20,JM,1600113031,66,17.88,-76.41,89.6,20.8
389,kajaani,0,FI,1600113032,76,64.23,27.73,50.0,14.99
390,boralday,40,KZ,1600113034,67,43.36,76.86,57.2,2.24
391,north battleford,1,CA,1600112788,54,52.78,-108.28,59.0,9.17
392,saint-joseph,26,RE,1600113037,52,-21.37,55.62,66.2,19.46
393,smithfield,1,US,1600112945,43,41.92,-71.55,75.99,12.75
394,yantal,0,RU,1600113039,89,56.85,105.25,42.28,6.08
395,pringsewu,11,ID,1600113040,92,-5.36,104.97,72.45,3.02
396,sao joao da barra,0,BR,1600113041,57,-21.64,-41.05,80.6,20.8
397,soe,50,ID,1600113042,99,-9.86,124.28,60.96,4.94
398,berlevag,75,NO,1600113044,76,70.86,29.09,48.2,11.41
399,bejar,80,ES,1600113046,69,40.39,-5.76,69.01,3.0
400,chulman,100,RU,1600113047,94,56.85,124.91,50.76,1.48
401,samarai,100,PG,1600113048,84,-10.62,150.67,78.69,11.41
402,barranca,20,PE,1600113049,72,-10.75,-77.77,64.89,9.53
403,mizque,72,BO,1600113050,44,-17.94,-65.34,70.52,13.27
404,tommot,55,RU,1600113051,86,58.96,126.29,43.5,4.43
405,la asuncion,0,VE,1600113053,67,11.03,-63.86,86.07,14.56
406,boguchany,12,RU,1600113054,91,58.38,97.45,44.83,2.57
407,nichinan,100,JP,1600113055,88,31.6,131.37,71.01,0.38
408,monrovia,75,LR,1600113056,94,6.3,-10.8,78.8,3.36
409,rodrigues alves,90,BR,1600113057,94,-7.74,-72.65,78.8,3.36
410,saint george,1,US,1600113058,11,37.1,-113.58,96.01,6.93
411,cognac,0,FR,1600113059,39,45.5,-0.25,82.4,2.24
412,zhengjiatun,0,CN,1600113061,92,43.51,123.51,58.44,1.45
413,atar,87,MR,1600113062,13,20.52,-13.05,104.41,9.04
414,bogande,0,BF,1600113063,63,12.97,-0.14,82.69,7.36
415,cao bang,98,VN,1600113064,91,22.67,106.25,74.89,2.21
416,lazaro cardenas,32,MX,1600113065,67,17.96,-102.2,86.7,7.11
417,semey,94,KZ,1600113067,38,50.41,80.23,63.09,6.26
418,saint-georges,40,GD,1600112814,83,12.06,-61.75,82.4,5.82
419,awbari,0,LY,1600113070,28,26.59,12.78,83.5,7.0
420,saint-pierre,1,RE,1600113072,52,-21.34,55.48,66.2,19.46
421,sao felix do xingu,95,BR,1600113073,12,-6.64,-51.99,101.53,4.29
422,umm kaddadah,96,SD,1600113074,40,13.6,26.69,89.28,7.18
423,petawawa,40,CA,1600113076,47,45.9,-77.33,59.0,13.87
424,nieuw nickerie,30,SR,1600113077,71,5.95,-56.98,84.2,11.07
425,kungurtug,100,RU,1600113079,87,50.6,97.52,36.07,1.01
426,talnakh,100,RU,1600113080,93,69.49,88.4,46.4,6.71
427,port macquarie,75,AU,1600112823,93,-31.43,152.92,54.0,5.44
428,trofors,40,NO,1600113082,81,65.53,13.41,46.4,4.7
429,mehran,0,IR,1600113083,16,33.12,46.16,84.2,11.41
430,vila do maio,87,CV,1600113085,82,15.13,-23.22,81.03,11.61
431,murgab,0,TM,1600113087,43,37.5,61.97,69.8,2.24
432,swiecie,65,PL,1600113088,72,53.41,18.45,66.99,1.01
433,flagstaff,90,US,1600113036,17,35.2,-111.65,78.01,8.05
434,muli,25,MV,1600113090,77,2.92,73.57,82.45,8.48
435,acajutla,40,SV,1600113091,70,13.59,-89.83,84.2,4.7
436,ishigaki,47,JP,1600113092,75,24.34,124.16,83.62,8.12
437,jocon,40,HN,1600113094,88,15.28,-86.97,82.4,5.82
438,saint-leu,35,RE,1600113095,52,-21.15,55.28,66.2,19.46
439,general luna,100,PH,1600113096,87,13.69,122.17,79.0,7.54
440,aykhal,0,RU,1600113097,80,66.0,111.5,41.0,2.24
441,santa maria,40,BR,1600113098,39,-29.68,-53.81,62.6,6.93
442,mahon,0,ES,1600113100,83,39.89,4.27,75.2,6.93
443,gladenbach,22,DE,1600113101,78,50.77,8.57,64.99,1.66
444,trelew,8,AR,1600113102,23,-43.25,-65.31,71.6,21.32
445,nizwa,59,OM,1600113103,27,22.93,57.53,85.26,1.79
446,dori,0,BF,1600113104,43,14.04,-0.03,89.67,9.84
447,kalmunai,99,LK,1600113105,77,7.42,81.82,81.05,2.75
448,paracatu,1,BR,1600113107,23,-17.22,-46.87,88.93,5.59
449,makakilo city,1,US,1600113108,58,21.35,-158.09,82.4,5.82
450,vao,0,NC,1600113109,79,-22.67,167.48,69.15,18.23
451,manbij,0,SY,1600113110,64,36.53,37.95,75.2,9.28
452,nioro,14,GM,1600113111,72,13.35,-15.75,83.23,2.33
453,presidente medici,1,BR,1600113113,9,-11.18,-61.9,107.53,6.17
454,coahuayana,40,MX,1600113115,83,18.73,-103.68,80.6,6.73
455,narsaq,75,GL,1600113116,41,60.92,-46.05,42.8,2.24
456,naryan-mar,40,RU,1600113117,92,67.67,53.09,45.05,6.26
457,vredendal,0,ZA,1600113118,71,-31.67,18.5,52.56,6.42
458,nauen,15,DE,1600113119,10,52.61,12.87,71.01,4.16
459,pilar,75,BR,1600113121,74,-9.6,-35.96,78.8,10.29
460,merauke,95,ID,1600113122,83,-8.47,140.33,74.48,12.39
461,sioux lookout,90,CA,1600113005,54,50.1,-91.92,55.4,6.93
462,charters towers,0,AU,1600113124,93,-20.1,146.27,58.08,7.0
463,dioknisi,40,GE,1600113125,94,41.63,42.39,73.4,2.24
464,adrar,77,MR,1600113127,12,20.5,-10.07,102.83,5.73
465,capreol,90,CA,1600113128,47,46.71,-80.92,59.0,9.17
466,benguela,96,AO,1600113130,78,-12.58,13.41,71.44,4.56
467,gurupa,95,BR,1600113131,41,-1.41,-51.64,93.88,2.53
468,mount gambier,90,AU,1600113132,93,-37.83,140.77,46.4,4.7
469,padang,100,ID,1600113133,72,-0.95,100.35,78.13,1.88
470,farafangana,49,MG,1600113134,88,-22.82,47.83,67.98,10.13
471,nacala,0,MZ,1600113135,85,-14.54,40.67,71.22,3.89
472,dong xoai,100,VN,1600113136,97,11.53,106.92,72.9,2.62
473,adre,88,TD,1600113138,74,13.47,22.2,76.87,5.12
474,birjand,0,IR,1600113043,17,32.87,59.22,62.6,13.87
475,sovetskaya gavan,0,RU,1600113142,81,48.97,140.29,48.52,5.7
476,olympia,90,US,1600112907,72,47.04,-122.9,69.01,3.36
477,kismayo,78,SO,1600113144,84,-0.36,42.55,77.63,14.81
478,concarneau,97,FR,1600113145,88,47.88,-3.92,66.2,1.12
479,srednekolymsk,0,RU,1600113147,86,67.45,153.68,39.09,6.67
480,dajal,6,PK,1600113149,24,29.56,70.38,96.37,11.54
481,komsomolskiy,24,UZ,1600113150,52,40.43,71.72,69.8,4.7
482,pangnirtung,75,CA,1600113151,70,66.15,-65.71,42.8,12.75
483,belaya gora,23,RU,1600113152,84,68.53,146.42,40.75,8.63
484,werda,0,BW,1600113153,26,-25.27,23.28,66.58,18.5
485,puerto penasco,0,MX,1600113154,75,31.32,-113.53,86.0,8.99
